position,entropy
92,1.5000
120,1.5000
215,1.5000
221,1.5000
317,1.5000
383,1.5000
437,1.5000
506,1.5000
518,1.5000
89,1.0000
98,1.0000
173,1.0000
197,1.0000
218,1.0000
269,1.0000
284,1.0000
299,1.0000
344,1.0000
362,1.0000
392,1.0000
419,1.0000
459,1.0000
473,1.0000
476,1.0000
498,1.0000
542,1.0000
584,1.0000
623,1.0000
4,0.8113
11,0.8113
20,0.8113
26,0.8113
29,0.8113
35,0.8113
38,0.8113
47,0.8113
56,0.8113
62,0.8113
66,0.8113
72,0.8113
75,0.8113
77,0.8113
80,0.8113
81,0.8113
86,0.8113
93,0.8113
95,0.8113
105,0.8113
110,0.8113
113,0.8113
119,0.8113
137,0.8113
140,0.8113
152,0.8113
179,0.8113
182,0.8113
188,0.8113
192,0.8113
200,0.8113
203,0.8113
204,0.8113
222,0.8113
224,0.8113
230,0.8113
233,0.8113
242,0.8113
266,0.8113
272,0.8113
290,0.8113
297,0.8113
302,0.8113
305,0.8113
308,0.8113
309,0.8113
323,0.8113
333,0.8113
335,0.8113
353,0.8113
354,0.8113
371,0.8113
374,0.8113
380,0.8113
386,0.8113
395,0.8113
396,0.8113
398,0.8113
399,0.8113
402,0.8113
407,0.8113
438,0.8113
440,0.8113
441,0.8113
449,0.8113
455,0.8113
458,0.8113
464,0.8113
471,0.8113
488,0.8113
491,0.8113
494,0.8113
500,0.8113
512,0.8113
515,0.8113
521,0.8113
524,0.8113
527,0.8113
539,0.8113
545,0.8113
548,0.8113
552,0.8113
554,0.8113
572,0.8113
582,0.8113
588,0.8113
590,0.8113
602,0.8113
608,0.8113
626,0.8113
629,0.8113
635,0.8113
641,0.8113
644,0.8113
0,0.0000
1,0.0000
2,0.0000
3,0.0000
5,0.0000
6,0.0000
7,0.0000
8,0.0000
9,0.0000
10,0.0000
12,0.0000
13,0.0000
14,0.0000
15,0.0000
16,0.0000
17,0.0000
18,0.0000
19,0.0000
21,0.0000
22,0.0000
23,0.0000
24,0.0000
25,0.0000
27,0.0000
28,0.0000
30,0.0000
31,0.0000
32,0.0000
33,0.0000
34,0.0000
36,0.0000
37,0.0000
39,0.0000
40,0.0000
41,0.0000
42,0.0000
43,0.0000
44,0.0000
45,0.0000
46,0.0000
48,0.0000
49,0.0000
50,0.0000
51,0.0000
52,0.0000
53,0.0000
54,0.0000
55,0.0000
57,0.0000
58,0.0000
59,0.0000
60,0.0000
61,0.0000
63,0.0000
64,0.0000
65,0.0000
67,0.0000
68,0.0000
69,0.0000
70,0.0000
71,0.0000
73,0.0000
74,0.0000
76,0.0000
78,0.0000
79,0.0000
82,0.0000
83,0.0000
84,0.0000
85,0.0000
87,0.0000
88,0.0000
90,0.0000
91,0.0000
94,0.0000
96,0.0000
97,0.0000
99,0.0000
100,0.0000
101,0.0000
102,0.0000
103,0.0000
104,0.0000
106,0.0000
107,0.0000
108,0.0000
109,0.0000
111,0.0000
112,0.0000
114,0.0000
115,0.0000
116,0.0000
117,0.0000
118,0.0000
121,0.0000
122,0.0000
123,0.0000
124,0.0000
125,0.0000
126,0.0000
127,0.0000
128,0.0000
129,0.0000
130,0.0000
131,0.0000
132,0.0000
133,0.0000
134,0.0000
135,0.0000
136,0.0000
138,0.0000
139,0.0000
141,0.0000
142,0.0000
143,0.0000
144,0.0000
145,0.0000
146,0.0000
147,0.0000
148,0.0000
149,0.0000
150,0.0000
151,0.0000
153,0.0000
154,0.0000
155,0.0000
156,0.0000
157,0.0000
158,0.0000
159,0.0000
160,0.0000
161,0.0000
162,0.0000
163,0.0000
164,0.0000
165,0.0000
166,0.0000
167,0.0000
168,0.0000
169,0.0000
170,0.0000
171,0.0000
172,0.0000
174,0.0000
175,0.0000
176,0.0000
177,0.0000
178,0.0000
180,0.0000
181,0.0000
183,0.0000
184,0.0000
185,0.0000
186,0.0000
187,0.0000
189,0.0000
190,0.0000
191,0.0000
193,0.0000
194,0.0000
195,0.0000
196,0.0000
198,0.0000
199,0.0000
201,0.0000
202,0.0000
205,0.0000
206,0.0000
207,0.0000
208,0.0000
209,0.0000
210,0.0000
211,0.0000
212,0.0000
213,0.0000
214,0.0000
216,0.0000
217,0.0000
219,0.0000
220,0.0000
223,0.0000
225,0.0000
226,0.0000
227,0.0000
228,0.0000
229,0.0000
231,0.0000
232,0.0000
234,0.0000
235,0.0000
236,0.0000
237,0.0000
238,0.0000
239,0.0000
240,0.0000
241,0.0000
243,0.0000
244,0.0000
245,0.0000
246,0.0000
247,0.0000
248,0.0000
249,0.0000
250,0.0000
251,0.0000
252,0.0000
253,0.0000
254,0.0000
255,0.0000
256,0.0000
257,0.0000
258,0.0000
259,0.0000
260,0.0000
261,0.0000
262,0.0000
263,0.0000
264,0.0000
265,0.0000
267,0.0000
268,0.0000
270,0.0000
271,0.0000
273,0.0000
274,0.0000
275,0.0000
276,0.0000
277,0.0000
278,0.0000
279,0.0000
280,0.0000
281,0.0000
282,0.0000
283,0.0000
285,0.0000
286,0.0000
287,0.0000
288,0.0000
289,0.0000
291,0.0000
292,0.0000
293,0.0000
294,0.0000
295,0.0000
296,0.0000
298,0.0000
300,0.0000
301,0.0000
303,0.0000
304,0.0000
306,0.0000
307,0.0000
310,0.0000
311,0.0000
312,0.0000
313,0.0000
314,0.0000
315,0.0000
316,0.0000
318,0.0000
319,0.0000
320,0.0000
321,0.0000
322,0.0000
324,0.0000
325,0.0000
326,0.0000
327,0.0000
328,0.0000
329,0.0000
330,0.0000
331,0.0000
332,0.0000
334,0.0000
336,0.0000
337,0.0000
338,0.0000
339,0.0000
340,0.0000
341,0.0000
342,0.0000
343,0.0000
345,0.0000
346,0.0000
347,0.0000
348,0.0000
349,0.0000
350,0.0000
351,0.0000
352,0.0000
355,0.0000
356,0.0000
357,0.0000
358,0.0000
359,0.0000
360,0.0000
361,0.0000
363,0.0000
364,0.0000
365,0.0000
366,0.0000
367,0.0000
368,0.0000
369,0.0000
370,0.0000
372,0.0000
373,0.0000
375,0.0000
376,0.0000
377,0.0000
378,0.0000
379,0.0000
381,0.0000
382,0.0000
384,0.0000
385,0.0000
387,0.0000
388,0.0000
389,0.0000
390,0.0000
391,0.0000
393,0.0000
394,0.0000
397,0.0000
400,0.0000
401,0.0000
403,0.0000
404,0.0000
405,0.0000
406,0.0000
408,0.0000
409,0.0000
410,0.0000
411,0.0000
412,0.0000
413,0.0000
414,0.0000
415,0.0000
416,0.0000
417,0.0000
418,0.0000
420,0.0000
421,0.0000
422,0.0000
423,0.0000
424,0.0000
425,0.0000
426,0.0000
427,0.0000
428,0.0000
429,0.0000
430,0.0000
431,0.0000
432,0.0000
433,0.0000
434,0.0000
435,0.0000
436,0.0000
439,0.0000
442,0.0000
443,0.0000
444,0.0000
445,0.0000
446,0.0000
447,0.0000
448,0.0000
450,0.0000
451,0.0000
452,0.0000
453,0.0000
454,0.0000
456,0.0000
457,0.0000
460,0.0000
461,0.0000
462,0.0000
463,0.0000
465,0.0000
466,0.0000
467,0.0000
468,0.0000
469,0.0000
470,0.0000
472,0.0000
474,0.0000
475,0.0000
477,0.0000
478,0.0000
479,0.0000
480,0.0000
481,0.0000
482,0.0000
483,0.0000
484,0.0000
485,0.0000
486,0.0000
487,0.0000
489,0.0000
490,0.0000
492,0.0000
493,0.0000
495,0.0000
496,0.0000
497,0.0000
499,0.0000
501,0.0000
502,0.0000
503,0.0000
504,0.0000
505,0.0000
507,0.0000
508,0.0000
509,0.0000
510,0.0000
511,0.0000
513,0.0000
514,0.0000
516,0.0000
517,0.0000
519,0.0000
520,0.0000
522,0.0000
523,0.0000
525,0.0000
526,0.0000
528,0.0000
529,0.0000
530,0.0000
531,0.0000
532,0.0000
533,0.0000
534,0.0000
535,0.0000
536,0.0000
537,0.0000
538,0.0000
540,0.0000
541,0.0000
543,0.0000
544,0.0000
546,0.0000
547,0.0000
549,0.0000
550,0.0000
551,0.0000
553,0.0000
555,0.0000
556,0.0000
557,0.0000
558,0.0000
559,0.0000
560,0.0000
561,0.0000
562,0.0000
563,0.0000
564,0.0000
565,0.0000
566,0.0000
567,0.0000
568,0.0000
569,0.0000
570,0.0000
571,0.0000
573,0.0000
574,0.0000
575,0.0000
576,0.0000
577,0.0000
578,0.0000
579,0.0000
580,0.0000
581,0.0000
583,0.0000
585,0.0000
586,0.0000
587,0.0000
589,0.0000
591,0.0000
592,0.0000
593,0.0000
594,0.0000
595,0.0000
596,0.0000
597,0.0000
598,0.0000
599,0.0000
600,0.0000
601,0.0000
603,0.0000
604,0.0000
605,0.0000
606,0.0000
607,0.0000
609,0.0000
610,0.0000
611,0.0000
612,0.0000
613,0.0000
614,0.0000
615,0.0000
616,0.0000
617,0.0000
618,0.0000
619,0.0000
620,0.0000
621,0.0000
622,0.0000
624,0.0000
625,0.0000
627,0.0000
628,0.0000
630,0.0000
631,0.0000
632,0.0000
633,0.0000
634,0.0000
636,0.0000
637,0.0000
638,0.0000
639,0.0000
640,0.0000
642,0.0000
643,0.0000
645,0.0000
646,0.0000
647,0.0000
648,0.0000
649,0.0000
650,0.0000
651,0.0000
652,0.0000
653,0.0000
654,0.0000
655,0.0000
656,0.0000
657,0.0000
658,0.0000
659,0.0000
660,0.0000
661,0.0000
662,0.0000
663,0.0000
664,0.0000
665,0.0000
